id,exclusive,maximum_options_selected,name,option_set_type,order_position,required,menu_item_id
1,false,-1,Tools,SAUCE,1,false,1
2,true,4,Automotive,SAUCE,2,true,2
3,false,-1,Clothing,EXTRA,3,true,3
4,true,4,Electronics,SIZE,4,true,4
5,true,3,Clothing,EXTRA,5,false,5
6,true,1,Automotive,SIZE,6,true,6
7,false,2,Shoes,DESSERT,7,false,7
8,false,0,Grocery,TOPPING,8,false,8
9,false,0,Music,BEVERAGE,9,false,9
10,true,1,Garden,EXTRA,10,true,10
11,false,2,Industrial,DESSERT,11,false,11
12,false,-1,Movies,TOPPING,12,true,12
13,false,4,Computers,EXTRA,13,true,13
14,true,3,Beauty,DESSERT,14,false,14
15,false,0,Computers,TOPPING,15,true,15
16,true,4,Tools,TOPPING,16,false,16
17,false,3,Computers,SAUCE,17,false,17
18,true,0,Shoes,SIZE,18,false,18
19,false,1,Outdoors,BEVERAGE,19,false,19
20,false,3,Music,BEVERAGE,20,true,20
21,false,-1,Books,TOPPING,21,true,21
22,false,2,Outdoors,EXTRA,22,true,22
23,true,1,Kids,SAUCE,23,true,23
24,true,1,Clothing,BEVERAGE,24,true,24
25,false,2,Music,EXTRA,25,false,25
26,true,-1,Home,EXTRA,26,false,26
27,false,3,Music,DESSERT,27,false,27
28,false,4,Toys,TOPPING,28,true,28
29,true,2,Health,BEVERAGE,29,true,29
30,false,-1,Books,TOPPING,30,false,30
31,true,1,Movies,TOPPING,31,false,31
32,true,0,Automotive,SIZE,32,false,32
33,false,2,Books,SIZE,33,true,33
34,false,3,Books,BEVERAGE,34,true,34
35,false,2,Games,EXTRA,35,false,35
36,false,-1,Books,BEVERAGE,36,true,36
37,true,-1,Home,DESSERT,37,false,37
38,false,2,Home,TOPPING,38,true,38
39,true,0,Baby,DESSERT,39,true,39
40,true,4,Industrial,TOPPING,40,true,40
41,false,2,Sports,SIZE,41,false,41
42,true,4,Shoes,SIZE,42,true,42
43,true,-1,Beauty,SIZE,43,false,43
44,true,1,Automotive,DESSERT,44,true,44
45,true,2,Tools,DESSERT,45,true,45
46,true,-1,Automotive,EXTRA,46,true,46
47,true,-1,Sports,SAUCE,47,false,47
48,false,2,Books,DESSERT,48,true,48
49,true,3,Clothing,DESSERT,49,false,49
50,false,4,Books,TOPPING,50,false,50
51,true,4,Sports,SIZE,51,false,51
52,true,2,Tools,TOPPING,52,false,52
53,false,4,Sports,EXTRA,53,false,53
54,false,4,Outdoors,BEVERAGE,54,true,54
55,false,3,Computers,SIZE,55,true,55
56,true,3,Health,SIZE,56,true,56
57,false,-1,Books,SIZE,57,true,57
58,true,1,Music,DESSERT,58,false,58
59,false,4,Books,TOPPING,59,true,59
60,false,-1,Electronics,TOPPING,60,false,60
61,true,2,Electronics,TOPPING,61,true,61
62,true,4,Garden,DESSERT,62,false,62
63,false,3,Outdoors,SIZE,63,true,63
64,true,-1,Toys,DESSERT,64,false,64
65,false,1,Tools,EXTRA,65,false,65
66,true,-1,Industrial,DESSERT,66,true,66
67,true,4,Automotive,SIZE,67,true,67
68,true,0,Clothing,SAUCE,68,true,68
69,true,0,Tools,EXTRA,69,false,69
70,false,1,Baby,TOPPING,70,false,70
71,true,1,Jewelry,SIZE,71,true,71
72,false,0,Beauty,EXTRA,72,true,72
73,true,2,Garden,TOPPING,73,true,73
74,true,3,Books,EXTRA,74,true,74
75,false,3,Kids,EXTRA,75,false,75
76,true,2,Home,SIZE,76,true,76
77,true,2,Movies,TOPPING,77,true,77
78,false,0,Shoes,SAUCE,78,true,78
79,false,0,Computers,SIZE,79,true,79
80,false,-1,Garden,EXTRA,80,false,80
81,false,3,Toys,SIZE,81,false,81
82,false,2,Sports,SIZE,82,false,82
83,true,0,Grocery,SIZE,83,true,83
84,false,2,Grocery,SAUCE,84,true,84
85,true,-1,Electronics,DESSERT,85,false,85
86,true,2,Music,DESSERT,86,true,86
87,true,4,Electronics,EXTRA,87,false,87
88,true,0,Electronics,TOPPING,88,true,88
89,true,0,Computers,TOPPING,89,true,89
90,false,1,Clothing,BEVERAGE,90,false,90
91,false,-1,Computers,DESSERT,91,false,91
92,true,1,Automotive,SIZE,92,true,92
93,false,3,Shoes,SAUCE,93,false,93
94,true,4,Sports,TOPPING,94,false,94
95,true,-1,Sports,SAUCE,95,true,95
96,true,-1,Grocery,SAUCE,96,true,96
97,true,4,Industrial,SAUCE,97,false,97
98,false,0,Electronics,EXTRA,98,false,98
99,false,0,Clothing,DESSERT,99,false,99
100,true,1,Movies,SAUCE,100,false,100
101,false,3,Baby,EXTRA,101,false,101
102,true,3,Toys,SIZE,102,true,102
103,true,1,Beauty,BEVERAGE,103,true,103
104,true,0,Games,TOPPING,104,false,104
105,true,-1,Beauty,SAUCE,105,false,105
106,true,-1,Shoes,DESSERT,106,false,106
107,false,0,Shoes,SAUCE,107,false,107
108,true,0,Shoes,DESSERT,108,false,108
109,false,4,Movies,DESSERT,109,false,109
110,true,-1,Home,BEVERAGE,110,false,110
111,false,1,Toys,BEVERAGE,111,true,111
112,true,0,Baby,EXTRA,112,true,112
113,false,1,Jewelry,SIZE,113,true,113
114,true,4,Computers,SIZE,114,true,114
115,false,-1,Sports,DESSERT,115,false,115
116,false,4,Beauty,SIZE,116,true,116
117,false,0,Toys,EXTRA,117,false,117
118,true,0,Sports,BEVERAGE,118,false,118
119,false,3,Computers,DESSERT,119,false,119
120,false,1,Music,EXTRA,120,true,120
121,true,-1,Clothing,DESSERT,121,true,121
122,false,4,Jewelry,BEVERAGE,122,true,122
123,true,-1,Toys,SIZE,123,false,123
124,true,4,Industrial,SAUCE,124,true,124
125,true,-1,Games,DESSERT,125,false,125
126,false,2,Baby,BEVERAGE,126,true,126
127,false,0,Music,TOPPING,127,false,127
128,false,1,Home,EXTRA,128,true,128
129,false,2,Garden,BEVERAGE,129,false,129
130,true,2,Computers,EXTRA,130,true,130
131,true,0,Books,SIZE,131,true,131
132,true,1,Kids,SIZE,132,true,132
133,true,4,Baby,SIZE,133,false,133
134,false,3,Electronics,TOPPING,134,false,134
135,false,4,Movies,TOPPING,135,true,135
136,true,2,Sports,TOPPING,136,true,136
137,false,0,Shoes,TOPPING,137,true,137
138,true,2,Industrial,SIZE,138,false,138
139,true,1,Sports,TOPPING,139,true,139
140,false,2,Health,SIZE,140,true,140
141,true,1,Tools,SAUCE,141,true,141
142,true,2,Games,SIZE,142,false,142
143,true,3,Beauty,EXTRA,143,false,143
144,false,1,Tools,TOPPING,144,false,144
145,true,3,Industrial,BEVERAGE,145,true,145
146,false,1,Jewelry,DESSERT,146,false,146
147,false,0,Clothing,BEVERAGE,147,false,147
148,false,0,Baby,BEVERAGE,148,false,148
149,false,4,Shoes,SIZE,149,true,149
150,false,-1,Shoes,SIZE,150,false,150
151,false,2,Garden,SAUCE,151,false,151
152,false,0,Beauty,TOPPING,152,false,152
153,false,3,Electronics,SIZE,153,false,153
154,true,-1,Garden,SAUCE,154,true,154
155,true,4,Toys,EXTRA,155,true,155
156,true,1,Clothing,DESSERT,156,false,156
157,true,4,Garden,EXTRA,157,true,157
158,true,2,Music,SAUCE,158,true,158
159,false,4,Electronics,DESSERT,159,true,159
160,false,1,Games,SAUCE,160,true,160
161,true,0,Shoes,EXTRA,161,true,161
162,false,1,Baby,DESSERT,162,false,162
163,false,-1,Beauty,TOPPING,163,false,163
164,true,3,Movies,SAUCE,164,true,164
165,false,4,Kids,SIZE,165,false,165
166,true,2,Computers,DESSERT,166,false,166
167,true,3,Health,DESSERT,167,true,167
168,false,3,Jewelry,DESSERT,168,false,168
169,false,2,Outdoors,TOPPING,169,true,169
170,true,2,Computers,BEVERAGE,170,true,170
171,false,1,Beauty,DESSERT,171,true,171
172,true,4,Clothing,SIZE,172,true,172
173,false,-1,Computers,SIZE,173,false,173
174,false,4,Music,TOPPING,174,false,174
175,true,1,Computers,SIZE,175,true,175
176,true,2,Garden,EXTRA,176,false,176
177,true,-1,Beauty,DESSERT,177,true,177
178,false,3,Computers,EXTRA,178,true,178
179,false,1,Clothing,TOPPING,179,false,179
180,false,2,Kids,EXTRA,180,false,180
181,true,4,Computers,EXTRA,181,true,181
182,false,2,Health,DESSERT,182,false,182
183,true,3,Garden,EXTRA,183,false,183
184,true,3,Kids,TOPPING,184,true,184
185,false,1,Baby,DESSERT,185,false,185
186,false,1,Automotive,BEVERAGE,186,true,186
187,true,-1,Toys,EXTRA,187,true,187
188,false,4,Games,TOPPING,188,true,188
189,true,1,Jewelry,TOPPING,189,false,189
190,false,4,Kids,SAUCE,190,true,190
191,true,-1,Toys,SAUCE,191,true,191
192,false,-1,Grocery,EXTRA,192,true,192
193,false,1,Grocery,EXTRA,193,true,193
194,false,1,Computers,TOPPING,194,false,194
195,true,2,Jewelry,SAUCE,195,true,195
196,true,1,Sports,TOPPING,196,true,196
197,true,1,Shoes,DESSERT,197,false,197
198,true,3,Baby,DESSERT,198,false,198
199,false,3,Clothing,DESSERT,199,true,199
200,false,2,Kids,EXTRA,200,true,200
201,true,-1,Beauty,DESSERT,201,false,201
202,true,3,Tools,EXTRA,202,true,202
203,false,4,Movies,SIZE,203,false,203
204,true,1,Toys,SAUCE,204,false,204
205,false,0,Jewelry,SIZE,205,false,205
206,false,0,Garden,SIZE,206,false,206
207,false,1,Shoes,BEVERAGE,207,false,207
208,false,1,Sports,DESSERT,208,true,208
209,false,0,Music,SAUCE,209,false,209
210,true,3,Computers,SIZE,210,true,210
211,false,0,Kids,BEVERAGE,211,false,211
212,true,2,Tools,SIZE,212,true,212
213,true,3,Industrial,SIZE,213,true,213
214,true,3,Electronics,SIZE,214,false,214
215,true,1,Music,SIZE,215,true,215
216,true,1,Outdoors,SAUCE,216,false,216
217,true,1,Tools,DESSERT,217,false,217
218,true,2,Grocery,TOPPING,218,false,218
219,false,-1,Outdoors,SAUCE,219,false,219
220,true,3,Garden,BEVERAGE,220,false,220
221,true,-1,Tools,EXTRA,221,true,221
222,false,2,Computers,BEVERAGE,222,false,222
223,true,-1,Electronics,SAUCE,223,true,223
224,false,4,Tools,BEVERAGE,224,false,224
225,false,2,Computers,TOPPING,225,true,225
226,false,3,Outdoors,SIZE,226,true,226
227,true,3,Books,SIZE,227,false,227
228,true,2,Home,BEVERAGE,228,true,228
229,true,0,Industrial,TOPPING,229,true,229
230,true,-1,Automotive,DESSERT,230,true,230
231,true,-1,Toys,SIZE,231,true,231
232,true,4,Tools,BEVERAGE,232,false,232
233,true,2,Shoes,SAUCE,233,true,233
234,true,-1,Baby,EXTRA,234,true,234
235,false,-1,Tools,SAUCE,235,false,235
236,false,2,Tools,BEVERAGE,236,true,236
237,false,2,Movies,DESSERT,237,false,237
238,false,2,Games,SAUCE,238,true,238
239,false,2,Shoes,EXTRA,239,true,239
240,false,3,Shoes,SAUCE,240,false,240
241,false,4,Movies,EXTRA,241,true,241
242,false,-1,Games,SAUCE,242,false,242
243,false,0,Outdoors,BEVERAGE,243,false,243
244,false,1,Home,BEVERAGE,244,true,244
245,true,2,Beauty,TOPPING,245,false,245
246,false,3,Automotive,BEVERAGE,246,true,246
247,false,4,Movies,SIZE,247,false,247
248,false,0,Jewelry,DESSERT,248,true,248
249,true,4,Baby,SIZE,249,false,249
250,true,4,Tools,SIZE,250,false,250
251,true,3,Clothing,SAUCE,251,true,251
252,true,0,Computers,EXTRA,252,false,252
253,false,0,Kids,DESSERT,253,true,253
254,true,1,Sports,DESSERT,254,true,254
255,false,4,Electronics,DESSERT,255,true,255
256,false,1,Games,SAUCE,256,true,256
257,true,4,Shoes,SIZE,257,true,257
258,false,4,Movies,DESSERT,258,false,258
259,true,-1,Automotive,DESSERT,259,false,259
260,true,-1,Baby,EXTRA,260,false,260
261,true,3,Movies,TOPPING,261,false,261
262,false,2,Clothing,BEVERAGE,262,false,262
263,true,0,Clothing,SIZE,263,false,263
264,true,2,Games,DESSERT,264,false,264
265,true,4,Sports,DESSERT,265,false,265
266,true,3,Beauty,EXTRA,266,true,266
267,false,3,Health,SIZE,267,true,267
268,true,-1,Industrial,SIZE,268,true,268
269,true,3,Home,TOPPING,269,true,269
270,true,0,Books,DESSERT,270,false,270
271,true,4,Outdoors,SAUCE,271,true,271
272,false,4,Health,TOPPING,272,false,272
273,true,2,Music,BEVERAGE,273,true,273
274,false,4,Grocery,BEVERAGE,274,false,274
275,false,2,Shoes,BEVERAGE,275,false,275
276,true,0,Industrial,TOPPING,276,true,276
277,true,-1,Health,BEVERAGE,277,false,277
278,true,-1,Shoes,SAUCE,278,true,278
279,false,2,Home,BEVERAGE,279,true,279
280,true,0,Tools,TOPPING,280,false,280
281,false,3,Baby,SIZE,281,true,281
282,true,4,Games,EXTRA,282,true,282
283,true,0,Electronics,DESSERT,283,false,283
284,false,2,Industrial,TOPPING,284,false,284
285,true,1,Music,EXTRA,285,false,285
286,false,0,Sports,BEVERAGE,286,false,286
287,false,0,Tools,DESSERT,287,false,287
288,false,3,Clothing,TOPPING,288,true,288
289,false,2,Home,TOPPING,289,false,289
290,true,4,Health,DESSERT,290,true,290
291,false,2,Health,DESSERT,291,true,291
292,true,3,Garden,SAUCE,292,false,292
293,true,-1,Jewelry,EXTRA,293,true,293
294,false,3,Clothing,SAUCE,294,true,294
295,false,-1,Automotive,SAUCE,295,true,295
296,true,0,Industrial,SAUCE,296,true,296
297,true,-1,Health,DESSERT,297,true,297
298,true,0,Kids,SIZE,298,false,298
299,false,0,Clothing,BEVERAGE,299,false,299
300,false,1,Beauty,BEVERAGE,300,false,300
301,true,2,Toys,TOPPING,301,false,301
302,true,0,Kids,BEVERAGE,302,false,302
303,false,1,Sports,SIZE,303,false,303
304,false,3,Toys,SIZE,304,true,304
305,false,1,Jewelry,SIZE,305,true,305
306,true,4,Music,TOPPING,306,false,306
307,false,4,Home,EXTRA,307,true,307
308,false,4,Outdoors,EXTRA,308,true,308
309,true,-1,Clothing,SAUCE,309,false,309
310,false,4,Home,EXTRA,310,false,310
311,false,1,Movies,DESSERT,311,true,311
312,false,3,Beauty,SIZE,312,false,312
313,true,-1,Outdoors,TOPPING,313,true,313
314,true,1,Electronics,SIZE,314,false,314
315,false,1,Shoes,SIZE,315,true,315
316,true,0,Beauty,SIZE,316,false,316
317,true,-1,Computers,SAUCE,317,true,317
318,false,0,Beauty,TOPPING,318,true,318
319,false,2,Toys,DESSERT,319,true,319
320,false,4,Computers,BEVERAGE,320,true,320
321,true,1,Grocery,DESSERT,321,false,321
322,true,-1,Automotive,DESSERT,322,false,322
323,true,3,Toys,TOPPING,323,true,323
324,true,2,Shoes,DESSERT,324,true,324
325,true,-1,Toys,DESSERT,325,true,325
326,true,2,Electronics,BEVERAGE,326,true,326
327,true,0,Garden,BEVERAGE,327,true,327
328,true,3,Books,TOPPING,328,false,328
329,false,2,Kids,DESSERT,329,true,329
330,true,4,Sports,SAUCE,330,true,330
331,false,-1,Tools,DESSERT,331,false,331
332,true,-1,Industrial,TOPPING,332,true,332
333,true,3,Home,SAUCE,333,false,333
334,false,3,Games,TOPPING,334,false,334
335,false,2,Tools,DESSERT,335,false,335
336,false,0,Beauty,DESSERT,336,true,336
337,false,0,Electronics,BEVERAGE,337,true,337
338,true,0,Home,SAUCE,338,false,338
339,false,1,Games,EXTRA,339,false,339
340,false,0,Home,SAUCE,340,false,340
341,false,-1,Toys,TOPPING,341,true,341
342,false,4,Games,BEVERAGE,342,true,342
343,true,0,Tools,BEVERAGE,343,true,343
344,true,-1,Kids,BEVERAGE,344,true,344
345,true,4,Tools,EXTRA,345,false,345
346,true,2,Computers,DESSERT,346,true,346
347,false,2,Shoes,SIZE,347,true,347
348,false,-1,Health,TOPPING,348,false,348
349,true,2,Automotive,BEVERAGE,349,false,349
350,false,0,Books,SIZE,350,false,350
351,false,0,Grocery,TOPPING,351,false,351
352,true,1,Tools,DESSERT,352,false,352
353,false,3,Jewelry,TOPPING,353,true,353
354,false,1,Kids,EXTRA,354,false,354
355,true,1,Garden,SAUCE,355,false,355
356,false,3,Sports,BEVERAGE,356,false,356
357,true,1,Health,SIZE,357,false,357
358,false,3,Baby,SAUCE,358,false,358
359,false,4,Books,TOPPING,359,false,359
360,false,1,Outdoors,BEVERAGE,360,true,360
361,true,1,Electronics,TOPPING,361,false,361
362,false,1,Health,BEVERAGE,362,true,362
363,true,2,Baby,SAUCE,363,true,363
364,true,0,Sports,DESSERT,364,false,364
365,false,4,Music,DESSERT,365,true,365
366,true,4,Garden,SAUCE,366,false,366
367,false,-1,Baby,SIZE,367,false,367
368,false,0,Health,SIZE,368,true,368
369,true,3,Health,DESSERT,369,true,369
370,false,-1,Baby,TOPPING,370,false,370
371,false,0,Music,SAUCE,371,false,371
372,true,2,Home,DESSERT,372,true,372
373,false,1,Outdoors,TOPPING,373,false,373
374,false,-1,Jewelry,SAUCE,374,true,374
375,false,-1,Garden,EXTRA,375,false,375
376,true,2,Baby,DESSERT,376,true,376
377,false,3,Industrial,SIZE,377,true,377
378,true,0,Music,DESSERT,378,true,378
379,true,3,Sports,SAUCE,379,true,379
380,true,4,Clothing,SIZE,380,false,380
381,true,4,Jewelry,SAUCE,381,false,381
382,true,1,Sports,EXTRA,382,false,382
383,true,4,Movies,BEVERAGE,383,true,383
384,false,0,Baby,SIZE,384,true,384
385,false,0,Computers,SAUCE,385,false,385
386,false,0,Baby,EXTRA,386,false,386
387,true,-1,Books,DESSERT,387,true,387
388,true,1,Grocery,TOPPING,388,false,388
389,true,-1,Jewelry,TOPPING,389,true,389
390,false,4,Movies,DESSERT,390,true,390
391,false,4,Computers,DESSERT,391,true,391
392,true,-1,Shoes,TOPPING,392,false,392
393,true,2,Home,SIZE,393,true,393
394,false,3,Kids,TOPPING,394,false,394
395,true,0,Shoes,SAUCE,395,false,395
396,true,0,Tools,SAUCE,396,true,396
397,false,1,Clothing,DESSERT,397,true,397
398,false,4,Garden,TOPPING,398,false,398
399,false,1,Baby,DESSERT,399,true,399
400,true,0,Home,SAUCE,400,true,400
401,true,1,Sports,DESSERT,401,true,401
402,true,0,Tools,BEVERAGE,402,true,402
403,true,3,Music,SIZE,403,false,403
404,false,1,Books,BEVERAGE,404,true,404
405,false,3,Tools,BEVERAGE,405,false,405
406,true,0,Games,BEVERAGE,406,false,406
407,false,4,Kids,BEVERAGE,407,true,407
408,false,2,Clothing,BEVERAGE,408,false,408
409,false,2,Beauty,EXTRA,409,true,409
410,false,2,Sports,TOPPING,410,true,410
411,false,4,Music,TOPPING,411,false,411
412,false,2,Baby,EXTRA,412,false,412
413,true,1,Toys,TOPPING,413,false,413
414,false,4,Shoes,DESSERT,414,true,414
415,true,-1,Toys,EXTRA,415,true,415
416,false,3,Automotive,TOPPING,416,false,416
417,false,-1,Health,BEVERAGE,417,true,417
418,true,-1,Electronics,EXTRA,418,true,418
419,true,4,Clothing,SIZE,419,true,419
420,true,0,Automotive,SIZE,420,true,420
421,false,1,Industrial,SIZE,421,false,421
422,true,-1,Shoes,TOPPING,422,true,422
423,true,1,Beauty,EXTRA,423,true,423
424,true,3,Sports,SIZE,424,false,424
425,true,1,Beauty,SIZE,425,false,425
426,true,0,Clothing,SAUCE,426,true,426
427,true,4,Health,SIZE,427,true,427
428,false,2,Sports,SAUCE,428,false,428
429,true,1,Toys,BEVERAGE,429,false,429
430,false,1,Toys,TOPPING,430,true,430
431,true,2,Home,SAUCE,431,true,431
432,true,1,Garden,BEVERAGE,432,false,432
433,false,0,Outdoors,DESSERT,433,true,433
434,false,-1,Movies,DESSERT,434,false,434
435,false,-1,Sports,BEVERAGE,435,true,435
436,true,0,Tools,EXTRA,436,false,436
437,true,0,Computers,BEVERAGE,437,true,437
438,true,0,Games,SIZE,438,false,438
439,false,2,Home,SAUCE,439,false,439
440,false,-1,Music,TOPPING,440,false,440
441,true,1,Tools,DESSERT,441,true,441
442,true,-1,Sports,EXTRA,442,false,442
443,false,2,Toys,EXTRA,443,false,443
444,false,-1,Outdoors,TOPPING,444,false,444
445,false,1,Computers,DESSERT,445,false,445
446,false,1,Baby,DESSERT,446,false,446
447,true,0,Outdoors,TOPPING,447,true,447
448,true,2,Automotive,SAUCE,448,false,448
449,true,3,Games,BEVERAGE,449,false,449
450,true,3,Toys,SIZE,450,true,450
451,true,3,Games,SAUCE,451,false,451
452,false,3,Games,TOPPING,452,true,452
453,true,0,Music,DESSERT,453,false,453
454,false,-1,Garden,EXTRA,454,false,454
455,false,3,Outdoors,BEVERAGE,455,true,455
456,true,2,Books,BEVERAGE,456,true,456
457,true,1,Music,SAUCE,457,false,457
458,true,4,Games,BEVERAGE,458,false,458
459,true,0,Grocery,DESSERT,459,false,459
460,false,4,Kids,TOPPING,460,false,460
461,false,3,Garden,TOPPING,461,false,461
462,false,4,Tools,TOPPING,462,true,462
463,false,4,Music,TOPPING,463,true,463
464,false,3,Computers,SIZE,464,false,464
465,false,1,Jewelry,SAUCE,465,false,465
466,true,-1,Baby,BEVERAGE,466,false,466
467,false,3,Outdoors,BEVERAGE,467,true,467
468,true,1,Outdoors,DESSERT,468,false,468
469,true,3,Shoes,SIZE,469,false,469
470,false,-1,Computers,DESSERT,470,true,470
471,false,0,Music,EXTRA,471,false,471
472,false,-1,Jewelry,SAUCE,472,false,472
473,false,2,Computers,EXTRA,473,false,473
474,false,2,Home,BEVERAGE,474,true,474
475,true,2,Computers,TOPPING,475,false,475
476,true,2,Books,BEVERAGE,476,true,476
477,true,0,Outdoors,DESSERT,477,false,477
478,false,1,Garden,DESSERT,478,true,478
479,false,-1,Computers,SIZE,479,true,479
480,false,2,Electronics,DESSERT,480,false,480
481,true,0,Clothing,BEVERAGE,481,false,481
482,true,0,Electronics,SIZE,482,true,482
483,true,3,Electronics,TOPPING,483,true,483
484,false,1,Shoes,TOPPING,484,true,484
485,true,1,Electronics,SIZE,485,true,485
486,false,3,Beauty,TOPPING,486,false,486
487,true,3,Jewelry,TOPPING,487,true,487
488,true,-1,Baby,SIZE,488,false,488
489,false,2,Kids,SIZE,489,true,489
490,true,2,Electronics,SIZE,490,true,490
491,true,-1,Health,SIZE,491,false,491
492,false,1,Toys,BEVERAGE,492,true,492
493,true,1,Automotive,SAUCE,493,false,493
494,false,-1,Baby,SIZE,494,false,494
495,false,1,Jewelry,EXTRA,495,false,495
496,false,-1,Health,SAUCE,496,false,496
497,false,4,Games,SAUCE,497,true,497
498,false,4,Movies,EXTRA,498,true,498
499,true,4,Outdoors,SIZE,499,false,499
500,false,4,Outdoors,DESSERT,500,true,500
501,true,1,Outdoors,DESSERT,501,true,501
502,false,4,Shoes,SAUCE,502,true,502
503,false,3,Kids,EXTRA,503,false,503
504,false,4,Outdoors,TOPPING,504,true,504
505,true,3,Garden,TOPPING,505,true,505
506,false,1,Movies,DESSERT,506,false,506
507,true,2,Garden,SAUCE,507,true,507
508,false,2,Health,BEVERAGE,508,false,508
509,true,2,Automotive,TOPPING,509,false,509
510,true,1,Toys,TOPPING,510,false,510
511,true,4,Beauty,SIZE,511,false,511
512,true,2,Music,TOPPING,512,true,512
513,false,3,Books,EXTRA,513,false,513
514,false,-1,Health,DESSERT,514,true,514
515,true,2,Music,EXTRA,515,false,515
516,false,-1,Movies,TOPPING,516,false,516
517,false,1,Home,TOPPING,517,false,517
518,false,-1,Outdoors,EXTRA,518,true,518
519,false,2,Electronics,TOPPING,519,true,519
520,true,1,Industrial,DESSERT,520,false,520
521,false,1,Jewelry,EXTRA,521,true,521
522,false,1,Health,SAUCE,522,true,522
523,false,1,Home,SAUCE,523,false,523
524,false,3,Toys,SAUCE,524,false,524
525,true,1,Sports,SIZE,525,true,525
526,true,1,Automotive,SIZE,526,false,526
527,true,0,Tools,SAUCE,527,true,527
528,true,0,Health,EXTRA,528,false,528
529,false,4,Health,DESSERT,529,false,529
530,false,4,Sports,SAUCE,530,false,530
531,true,2,Computers,BEVERAGE,531,false,531
532,false,-1,Electronics,BEVERAGE,532,false,532
533,false,2,Baby,EXTRA,533,false,533
534,false,0,Tools,EXTRA,534,true,534
535,true,0,Sports,BEVERAGE,535,false,535
536,false,2,Health,TOPPING,536,false,536
537,true,4,Health,SIZE,537,false,537
538,false,0,Shoes,SIZE,538,true,538
539,false,0,Beauty,SAUCE,539,true,539
540,false,2,Kids,DESSERT,540,true,540
541,false,-1,Health,BEVERAGE,541,false,541
542,false,3,Outdoors,SIZE,542,false,542
543,true,1,Games,SAUCE,543,true,543
544,false,-1,Grocery,TOPPING,544,false,544
545,true,4,Beauty,SIZE,545,false,545
546,true,4,Outdoors,BEVERAGE,546,true,546
547,true,0,Industrial,SIZE,547,true,547
548,false,4,Sports,SAUCE,548,true,548
549,true,1,Outdoors,DESSERT,549,true,549
550,true,0,Jewelry,EXTRA,550,true,550
551,true,-1,Sports,BEVERAGE,551,false,551
552,false,1,Health,TOPPING,552,true,552
553,true,3,Automotive,EXTRA,553,false,553
554,true,-1,Tools,SIZE,554,true,554
555,true,2,Baby,TOPPING,555,true,555
556,false,4,Outdoors,EXTRA,556,false,556
557,true,1,Baby,SAUCE,557,false,557
558,true,-1,Kids,BEVERAGE,558,true,558
559,true,4,Baby,TOPPING,559,true,559
560,true,-1,Grocery,DESSERT,560,true,560
561,false,-1,Electronics,DESSERT,561,false,561
562,false,1,Home,SIZE,562,true,562
563,false,0,Electronics,SIZE,563,false,563
564,false,3,Games,TOPPING,564,true,564
565,false,3,Toys,EXTRA,565,true,565
566,false,-1,Electronics,EXTRA,566,false,566
567,true,1,Music,SAUCE,567,false,567
568,false,-1,Sports,EXTRA,568,false,568
569,false,4,Games,BEVERAGE,569,true,569
570,true,0,Industrial,SIZE,570,false,570
571,true,-1,Home,BEVERAGE,571,true,571
572,true,-1,Games,SIZE,572,true,572
573,true,4,Home,EXTRA,573,true,573
574,true,0,Electronics,SIZE,574,true,574
575,true,3,Baby,DESSERT,575,false,575
576,true,3,Kids,SAUCE,576,false,576
577,true,-1,Home,SIZE,577,false,577
578,true,-1,Garden,BEVERAGE,578,true,578
579,false,2,Beauty,EXTRA,579,false,579
580,true,-1,Toys,TOPPING,580,true,580
581,true,-1,Home,SAUCE,581,true,581
582,false,2,Clothing,EXTRA,582,true,582
583,false,-1,Kids,SAUCE,583,false,583
584,true,4,Grocery,BEVERAGE,584,false,584
585,false,1,Movies,BEVERAGE,585,true,585
586,true,3,Jewelry,TOPPING,586,false,586
587,true,1,Industrial,TOPPING,587,true,587
588,false,0,Home,EXTRA,588,false,588
589,true,1,Garden,EXTRA,589,false,589
590,false,3,Automotive,SAUCE,590,false,590
591,false,2,Health,EXTRA,591,false,591
592,true,4,Outdoors,TOPPING,592,false,592
593,false,2,Beauty,DESSERT,593,true,593
594,true,2,Shoes,SIZE,594,true,594
595,true,-1,Computers,TOPPING,595,false,595
596,true,1,Home,TOPPING,596,false,596
597,true,3,Outdoors,BEVERAGE,597,true,597
598,false,3,Kids,SAUCE,598,false,598
599,true,4,Movies,DESSERT,599,true,599
600,true,1,Sports,TOPPING,600,false,600
601,false,3,Outdoors,DESSERT,601,true,601
602,false,-1,Industrial,DESSERT,602,false,602
603,false,3,Tools,BEVERAGE,603,false,603
604,false,3,Baby,SAUCE,604,false,604
605,true,0,Music,DESSERT,605,false,605
606,false,-1,Shoes,TOPPING,606,true,606
607,true,4,Toys,SIZE,607,true,607
608,false,2,Books,EXTRA,608,true,608
609,true,3,Automotive,SAUCE,609,true,609
610,true,2,Computers,SAUCE,610,true,610
611,false,-1,Shoes,SAUCE,611,true,611
612,true,2,Health,EXTRA,612,true,612
613,true,-1,Grocery,SAUCE,613,true,613
614,false,1,Industrial,EXTRA,614,false,614
615,true,-1,Health,DESSERT,615,false,615
616,true,0,Music,EXTRA,616,false,616
617,true,-1,Grocery,SIZE,617,false,617
618,false,4,Beauty,TOPPING,618,true,618
619,true,0,Grocery,SAUCE,619,true,619
620,false,-1,Books,SIZE,620,true,620
621,true,2,Electronics,DESSERT,621,true,621
622,true,4,Grocery,DESSERT,622,true,622
623,false,3,Baby,SIZE,623,false,623
624,true,2,Books,DESSERT,624,true,624
625,false,1,Grocery,SIZE,625,true,625
626,true,4,Clothing,BEVERAGE,626,false,1
627,false,1,Kids,DESSERT,627,false,2
628,false,4,Outdoors,EXTRA,628,false,3
629,true,-1,Outdoors,TOPPING,629,false,4
630,false,3,Toys,BEVERAGE,630,false,5
631,true,1,Home,TOPPING,631,false,6
632,true,3,Home,DESSERT,632,false,7
633,false,2,Movies,BEVERAGE,633,false,8
634,true,3,Tools,TOPPING,634,false,9
635,true,-1,Movies,SIZE,635,false,10
636,false,0,Beauty,SAUCE,636,false,11
637,true,4,Electronics,EXTRA,637,true,12
638,true,3,Beauty,BEVERAGE,638,false,13
639,true,4,Beauty,TOPPING,639,true,14
640,false,0,Industrial,BEVERAGE,640,true,15
641,false,1,Industrial,SAUCE,641,false,16
642,true,2,Grocery,EXTRA,642,false,17
643,false,3,Health,TOPPING,643,false,18
644,false,2,Clothing,TOPPING,644,false,19
645,true,1,Grocery,TOPPING,645,false,20
646,false,0,Beauty,EXTRA,646,true,21
647,true,2,Outdoors,EXTRA,647,false,22
648,true,-1,Health,TOPPING,648,true,23
649,false,1,Sports,TOPPING,649,false,24
650,true,0,Toys,DESSERT,650,true,25
651,false,4,Industrial,EXTRA,651,false,26
652,true,4,Movies,SAUCE,652,true,27
653,true,1,Music,EXTRA,653,false,28
654,true,2,Garden,DESSERT,654,true,29
655,true,3,Sports,TOPPING,655,false,30
656,true,-1,Movies,TOPPING,656,true,31
657,true,3,Sports,TOPPING,657,true,32
658,false,2,Sports,TOPPING,658,true,33
659,false,4,Tools,BEVERAGE,659,false,34
660,true,4,Health,BEVERAGE,660,false,35
661,false,3,Beauty,BEVERAGE,661,false,36
662,true,3,Computers,SAUCE,662,false,37
663,false,0,Sports,SIZE,663,true,38
664,false,3,Grocery,TOPPING,664,true,39
665,true,-1,Electronics,SIZE,665,true,40
666,true,3,Toys,DESSERT,666,true,41
667,true,3,Toys,TOPPING,667,true,42
668,true,2,Health,BEVERAGE,668,true,43
669,false,-1,Kids,BEVERAGE,669,false,44
670,true,4,Health,EXTRA,670,true,45
671,true,3,Tools,SIZE,671,true,46
672,true,0,Computers,SIZE,672,false,47
673,true,4,Sports,SAUCE,673,true,48
674,true,0,Toys,SAUCE,674,false,49
675,true,2,Music,DESSERT,675,false,50
676,false,4,Toys,BEVERAGE,676,false,51
677,false,-1,Books,SAUCE,677,false,52
678,true,-1,Outdoors,DESSERT,678,true,53
679,false,4,Music,TOPPING,679,false,54
680,false,-1,Clothing,EXTRA,680,true,55
681,true,1,Tools,BEVERAGE,681,true,56
682,false,0,Garden,SIZE,682,false,57
683,false,0,Baby,DESSERT,683,true,58
684,true,1,Computers,SAUCE,684,true,59
685,false,3,Books,SAUCE,685,false,60
686,false,2,Electronics,BEVERAGE,686,false,61
687,true,3,Tools,TOPPING,687,true,62
688,false,0,Kids,DESSERT,688,false,63
689,false,2,Tools,SAUCE,689,false,64
690,false,3,Music,SIZE,690,false,65
691,false,3,Grocery,SIZE,691,true,66
692,true,2,Games,TOPPING,692,true,67
693,false,1,Home,SAUCE,693,false,68
694,false,1,Tools,TOPPING,694,false,69
695,true,0,Books,TOPPING,695,false,70
696,true,1,Games,SAUCE,696,false,71
697,false,2,Outdoors,EXTRA,697,false,72
698,true,3,Computers,BEVERAGE,698,false,73
699,false,3,Industrial,SAUCE,699,false,74
700,false,1,Industrial,DESSERT,700,true,75
701,false,4,Garden,DESSERT,701,true,76
702,false,0,Industrial,TOPPING,702,true,77
703,true,0,Toys,SIZE,703,true,78
704,true,-1,Tools,DESSERT,704,true,79
705,false,-1,Health,TOPPING,705,true,80
706,true,0,Toys,BEVERAGE,706,true,81
707,false,-1,Movies,DESSERT,707,false,82
708,false,3,Industrial,SIZE,708,false,83
709,false,4,Toys,SAUCE,709,false,84
710,false,-1,Books,DESSERT,710,true,85
711,true,4,Grocery,TOPPING,711,false,86
712,true,2,Grocery,BEVERAGE,712,false,87
713,false,4,Shoes,SIZE,713,true,88
714,true,0,Games,TOPPING,714,true,89
715,false,2,Electronics,EXTRA,715,false,90
716,true,1,Health,SAUCE,716,false,91
717,false,-1,Baby,SIZE,717,true,92
718,false,4,Outdoors,BEVERAGE,718,true,93
719,false,-1,Computers,BEVERAGE,719,false,94
720,false,0,Beauty,BEVERAGE,720,true,95
721,false,0,Games,BEVERAGE,721,true,96
722,true,3,Industrial,SAUCE,722,false,97
723,true,2,Baby,TOPPING,723,true,98
724,false,-1,Garden,DESSERT,724,false,99
725,false,4,Shoes,TOPPING,725,true,100
726,true,0,Toys,EXTRA,726,true,101
727,false,4,Grocery,DESSERT,727,true,102
728,true,3,Electronics,SAUCE,728,true,103
729,true,4,Grocery,SAUCE,729,false,104
730,false,2,Kids,DESSERT,730,true,105
731,false,1,Outdoors,EXTRA,731,false,106
732,true,-1,Garden,BEVERAGE,732,true,107
733,false,3,Clothing,EXTRA,733,true,108
734,true,3,Jewelry,TOPPING,734,false,109
735,false,3,Clothing,EXTRA,735,false,110
736,true,2,Tools,TOPPING,736,true,111
737,false,-1,Sports,SIZE,737,false,112
738,false,3,Books,TOPPING,738,true,113
739,false,2,Music,TOPPING,739,false,114
740,true,4,Music,BEVERAGE,740,true,115
741,true,0,Garden,SAUCE,741,true,116
742,false,3,Jewelry,SAUCE,742,false,117
743,false,4,Shoes,EXTRA,743,true,118
744,false,4,Electronics,SIZE,744,false,119
745,true,4,Tools,DESSERT,745,false,120
746,true,0,Outdoors,SAUCE,746,true,121
747,false,0,Music,BEVERAGE,747,false,122
748,true,0,Automotive,TOPPING,748,false,123
749,true,1,Electronics,SIZE,749,true,124
750,true,0,Outdoors,BEVERAGE,750,false,125
751,false,1,Electronics,SIZE,751,true,1
752,true,-1,Toys,EXTRA,752,true,2
753,true,0,Books,SIZE,753,false,3
754,true,2,Movies,EXTRA,754,false,4
755,true,-1,Home,SIZE,755,true,5
756,false,4,Clothing,BEVERAGE,756,true,6
757,true,2,Baby,EXTRA,757,true,7
758,true,1,Toys,EXTRA,758,true,8
759,true,3,Garden,TOPPING,759,false,9
760,true,1,Home,SAUCE,760,false,10
761,false,-1,Tools,TOPPING,761,false,11
762,true,1,Home,EXTRA,762,true,12
763,true,3,Industrial,DESSERT,763,true,13
764,false,1,Books,SIZE,764,false,14
765,false,-1,Electronics,TOPPING,765,true,15
766,true,3,Shoes,DESSERT,766,true,16
767,false,0,Books,EXTRA,767,true,17
768,true,4,Beauty,EXTRA,768,true,18
769,false,0,Sports,TOPPING,769,true,19
770,false,4,Kids,BEVERAGE,770,false,20
771,false,2,Books,SAUCE,771,false,21
772,true,-1,Kids,EXTRA,772,true,22
773,false,1,Grocery,DESSERT,773,true,23
774,false,4,Outdoors,TOPPING,774,true,24
775,false,0,Toys,TOPPING,775,false,25
776,false,3,Health,SAUCE,776,true,26
777,true,0,Industrial,DESSERT,777,true,27
778,false,-1,Garden,BEVERAGE,778,false,28
779,false,-1,Industrial,BEVERAGE,779,false,29
780,true,2,Health,BEVERAGE,780,false,30
781,false,3,Home,TOPPING,781,false,31
782,false,4,Music,BEVERAGE,782,false,32
783,true,0,Industrial,SAUCE,783,false,33
784,false,2,Automotive,SIZE,784,true,34
785,false,1,Games,SAUCE,785,false,35
786,true,1,Electronics,DESSERT,786,true,36
787,true,4,Tools,SIZE,787,false,37
788,false,2,Automotive,EXTRA,788,false,38
789,true,-1,Music,EXTRA,789,false,39
790,true,2,Health,DESSERT,790,true,40
791,true,3,Computers,DESSERT,791,true,41
792,false,4,Automotive,EXTRA,792,false,42
793,false,1,Health,SAUCE,793,false,43
794,true,2,Home,TOPPING,794,false,44
795,true,2,Music,BEVERAGE,795,true,45
796,false,2,Computers,SIZE,796,true,46
797,false,0,Games,TOPPING,797,true,47
798,true,4,Industrial,DESSERT,798,false,48
799,false,3,Grocery,DESSERT,799,true,49
800,true,3,Beauty,DESSERT,800,true,50
801,false,-1,Clothing,BEVERAGE,801,true,51
802,false,1,Outdoors,SAUCE,802,true,52
803,true,1,Garden,BEVERAGE,803,false,53
804,false,0,Music,BEVERAGE,804,false,54
805,true,2,Beauty,DESSERT,805,false,55
806,true,4,Tools,BEVERAGE,806,true,56
807,false,-1,Baby,DESSERT,807,false,57
808,false,-1,Home,EXTRA,808,false,58
809,false,4,Industrial,DESSERT,809,true,59
810,true,1,Beauty,BEVERAGE,810,true,60
811,true,1,Beauty,SIZE,811,true,61
812,true,2,Sports,SAUCE,812,true,62
813,true,3,Games,SAUCE,813,false,63
814,true,4,Garden,SAUCE,814,true,64
815,false,0,Games,TOPPING,815,false,65
816,false,1,Books,SIZE,816,true,66
817,false,-1,Home,SIZE,817,false,67
818,true,2,Grocery,BEVERAGE,818,true,68
819,true,2,Clothing,EXTRA,819,false,69
820,false,1,Music,SAUCE,820,false,70
821,true,2,Music,BEVERAGE,821,false,71
822,true,3,Electronics,SIZE,822,true,72
823,true,2,Jewelry,EXTRA,823,true,73
824,false,3,Music,SIZE,824,true,74
825,true,4,Outdoors,DESSERT,825,true,75
826,true,0,Garden,BEVERAGE,826,true,76
827,true,3,Jewelry,BEVERAGE,827,true,77
828,false,1,Beauty,TOPPING,828,false,78
829,true,-1,Music,TOPPING,829,true,79
830,true,1,Sports,SAUCE,830,false,80
831,true,0,Industrial,TOPPING,831,false,81
832,false,1,Health,TOPPING,832,true,82
833,false,2,Electronics,SIZE,833,true,83
834,true,2,Games,SAUCE,834,false,84
835,true,-1,Movies,SIZE,835,true,85
836,false,3,Grocery,EXTRA,836,false,86
837,true,2,Electronics,EXTRA,837,true,87
838,true,-1,Computers,DESSERT,838,false,88
839,false,2,Computers,EXTRA,839,false,89
840,true,2,Shoes,SIZE,840,false,90
841,false,3,Baby,EXTRA,841,true,91
842,true,3,Games,SIZE,842,true,92
843,false,4,Garden,DESSERT,843,true,93
844,true,1,Tools,SAUCE,844,true,94
845,false,2,Baby,DESSERT,845,true,95
846,true,1,Shoes,EXTRA,846,true,96
847,true,0,Baby,BEVERAGE,847,true,97
848,false,0,Outdoors,EXTRA,848,false,98
849,true,2,Clothing,EXTRA,849,true,99
850,false,-1,Tools,SIZE,850,false,100
851,true,1,Garden,DESSERT,851,false,101
852,true,1,Kids,EXTRA,852,false,102
853,false,-1,Computers,SIZE,853,false,103
854,false,3,Clothing,TOPPING,854,false,104
855,false,1,Music,EXTRA,855,true,105
856,false,0,Beauty,SIZE,856,true,106
857,true,4,Movies,SIZE,857,true,107
858,true,3,Baby,EXTRA,858,true,108
859,false,2,Grocery,DESSERT,859,false,109
860,true,0,Computers,SAUCE,860,false,110
861,true,1,Tools,DESSERT,861,false,111
862,true,-1,Grocery,SAUCE,862,true,112
863,true,-1,Grocery,BEVERAGE,863,true,113
864,true,0,Tools,SAUCE,864,true,114
865,false,3,Jewelry,TOPPING,865,false,115
866,true,1,Shoes,SAUCE,866,true,116
867,false,4,Shoes,TOPPING,867,true,117
868,false,0,Clothing,TOPPING,868,false,118
869,true,3,Home,SIZE,869,true,119
870,false,-1,Outdoors,EXTRA,870,true,120
871,false,2,Sports,SIZE,871,true,121
872,false,1,Electronics,DESSERT,872,true,122
873,false,0,Jewelry,TOPPING,873,true,123
874,false,4,Garden,SIZE,874,true,124
875,false,4,Health,SAUCE,875,true,125
876,true,4,Shoes,EXTRA,876,true,1
877,false,1,Outdoors,BEVERAGE,877,true,2
878,false,-1,Music,BEVERAGE,878,false,3
879,true,-1,Baby,DESSERT,879,true,4
880,false,1,Movies,EXTRA,880,false,5
881,false,4,Grocery,SAUCE,881,false,6
882,true,1,Jewelry,BEVERAGE,882,false,7
883,true,0,Books,BEVERAGE,883,true,8
884,true,3,Toys,BEVERAGE,884,false,9
885,false,0,Electronics,SAUCE,885,true,10
886,false,1,Outdoors,SAUCE,886,true,11
887,false,3,Shoes,TOPPING,887,true,12
888,false,3,Shoes,DESSERT,888,false,13
889,true,0,Clothing,DESSERT,889,false,14
890,true,2,Shoes,EXTRA,890,true,15
891,false,1,Industrial,DESSERT,891,false,16
892,true,0,Clothing,SIZE,892,true,17
893,false,0,Computers,SAUCE,893,true,18
894,true,4,Sports,SAUCE,894,true,19
895,false,0,Home,SIZE,895,true,20
896,false,3,Tools,TOPPING,896,false,21
897,true,4,Books,TOPPING,897,false,22
898,false,-1,Sports,BEVERAGE,898,false,23
899,false,-1,Books,TOPPING,899,false,24
900,true,1,Computers,EXTRA,900,false,25
901,true,1,Shoes,BEVERAGE,901,false,26
902,false,4,Garden,SAUCE,902,true,27
903,false,4,Baby,DESSERT,903,true,28
904,true,3,Baby,TOPPING,904,false,29
905,false,2,Health,SIZE,905,true,30
906,false,-1,Games,BEVERAGE,906,true,31
907,true,-1,Beauty,BEVERAGE,907,true,32
908,true,4,Toys,BEVERAGE,908,false,33
909,true,3,Grocery,SAUCE,909,false,34
910,true,2,Computers,SAUCE,910,false,35
911,true,0,Books,SAUCE,911,true,36
912,true,-1,Movies,SAUCE,912,false,37
913,true,2,Baby,DESSERT,913,false,38
914,true,4,Clothing,EXTRA,914,true,39
915,false,4,Kids,DESSERT,915,true,40
916,false,4,Music,SIZE,916,true,41
917,false,2,Shoes,TOPPING,917,false,42
918,true,0,Automotive,SAUCE,918,true,43
919,true,-1,Books,EXTRA,919,true,44
920,false,4,Kids,SIZE,920,true,45
921,false,2,Outdoors,SIZE,921,true,46
922,true,1,Shoes,DESSERT,922,false,47
923,true,1,Shoes,SAUCE,923,false,48
924,false,3,Movies,EXTRA,924,false,49
925,true,2,Movies,TOPPING,925,true,50
926,false,4,Clothing,TOPPING,926,true,51
927,false,-1,Toys,SIZE,927,false,52
928,true,4,Home,SAUCE,928,false,53
929,true,3,Clothing,BEVERAGE,929,false,54
930,true,2,Music,SIZE,930,false,55
931,true,2,Health,DESSERT,931,true,56
932,false,0,Sports,BEVERAGE,932,false,57
933,true,3,Books,SIZE,933,true,58
934,false,0,Clothing,TOPPING,934,true,59
935,false,4,Health,BEVERAGE,935,true,60
936,true,4,Kids,TOPPING,936,false,61
937,true,4,Beauty,EXTRA,937,false,62
938,false,1,Games,DESSERT,938,false,63
939,true,0,Games,SIZE,939,false,64
940,true,2,Industrial,TOPPING,940,true,65
941,true,1,Movies,SAUCE,941,false,66
942,true,3,Tools,TOPPING,942,true,67
943,true,4,Games,SIZE,943,false,68
944,true,3,Outdoors,BEVERAGE,944,false,69
945,true,2,Games,SAUCE,945,false,70
946,true,3,Shoes,TOPPING,946,true,71
947,false,2,Industrial,SAUCE,947,true,72
948,true,3,Outdoors,SAUCE,948,true,73
949,false,-1,Books,SIZE,949,true,74
950,false,4,Toys,TOPPING,950,false,75
951,true,-1,Music,SIZE,951,true,76
952,true,2,Tools,SAUCE,952,true,77
953,true,1,Kids,DESSERT,953,true,78
954,true,4,Home,EXTRA,954,true,79
955,false,3,Industrial,SIZE,955,true,80
956,false,1,Tools,EXTRA,956,false,81
957,true,4,Books,SIZE,957,false,82
958,false,-1,Sports,SIZE,958,false,83
959,false,1,Games,TOPPING,959,true,84
960,true,-1,Outdoors,SIZE,960,false,85
961,false,0,Shoes,SIZE,961,true,86
962,true,1,Beauty,DESSERT,962,false,87
963,false,4,Outdoors,TOPPING,963,true,88
964,true,1,Baby,BEVERAGE,964,false,89
965,true,-1,Beauty,EXTRA,965,false,90
966,false,1,Kids,SAUCE,966,true,91
967,false,1,Automotive,EXTRA,967,false,92
968,false,1,Beauty,BEVERAGE,968,true,93
969,false,3,Books,SIZE,969,true,94
970,true,3,Outdoors,TOPPING,970,true,95
971,true,4,Industrial,EXTRA,971,true,96
972,false,4,Shoes,EXTRA,972,false,97
973,true,1,Health,EXTRA,973,true,98
974,true,-1,Electronics,SAUCE,974,false,99
975,true,0,Beauty,SIZE,975,true,100
976,true,3,Books,SAUCE,976,false,101
977,false,2,Jewelry,SAUCE,977,true,102
978,true,1,Home,DESSERT,978,false,103
979,false,3,Toys,DESSERT,979,true,104
980,true,0,Games,DESSERT,980,false,105
981,true,0,Garden,SAUCE,981,false,106
982,true,0,Electronics,BEVERAGE,982,false,107
983,false,4,Electronics,BEVERAGE,983,false,108
984,true,3,Shoes,DESSERT,984,true,109
985,true,0,Beauty,SAUCE,985,false,110
986,true,1,Industrial,SAUCE,986,true,111
987,true,4,Music,BEVERAGE,987,true,112
988,false,0,Movies,DESSERT,988,false,113
989,true,0,Clothing,TOPPING,989,false,114
990,false,1,Health,TOPPING,990,true,115
991,true,3,Home,EXTRA,991,true,116
992,true,3,Movies,TOPPING,992,false,117
993,true,4,Home,EXTRA,993,false,118
994,false,4,Computers,SAUCE,994,true,119
995,false,3,Computers,SIZE,995,true,120
996,true,1,Shoes,TOPPING,996,true,121
997,true,3,Toys,SAUCE,997,true,122
998,false,3,Shoes,DESSERT,998,true,123
999,false,-1,Tools,BEVERAGE,999,false,124
1000,false,-1,Games,DESSERT,1000,true,125
